TextLineBlockCommon,0,2.380000114440918,1.283329963684082,1.4900000095367432,0.1033329963684082,OFICINA ESPANOLA DE,[B@615ce24f
TextLineBlockCommon,0,4.636670112609863,1.3333300352096558,0.8166670203208923,0.023333299905061722,", -",[B@190de279
TextLineBlockCommon,0,4.306670188903809,1.276669979095459,1.5466699600219727,0.18000000715255737,-» . @ Numero de publncacnon.,[B@5e8f82c8
TextLineBlockCommon,0,1.026669979095459,1.2933299541473389,0.4566670060157776,0.17333300411701202,_ @,[B@1fd348f8
TextLineBlockCommon,0,2.3833301067352295,1.4199999570846558,1.4133299589157104,0.1033329963684082,PATENTES Y MARCAS,[B@685ba21a
TextLineBlockCommon,0,4.306670188903809,1.5533299446105957,0.7066659927368164,0.17333300411701202,@Int. CI.7;,[B@57ef8e7c
TextLineBlockCommon,0,5.099999904632568,1.5833300352096558,0.8233330249786377,0.163332998752594,G06F 17/30,[B@30739bfe
TextLineBlockCommon,0,1.7100000381469727,1.809999942779541,0.5133330225944519,0.22666700184345245,@’&,[B@7606598b
TextLineBlockCommon,0,2.3833301067352295,1.8200000524520874,0.5033329725265503,0.1033329963684082,ESPANA,[B@1ae0f136
TextLineBlockCommon,0,1.3166699409484863,1.9966700077056885,0.40666699409484863,0.03999999910593033,Q `,[B@25fc1e03
TextLineBlockCommon,0,7.273330211639404,2.6833300590515137,0.18666599690914154,0.11999999731779099,T3,[B@4b166a70
TextLineBlockCommon,0,2.653330087661743,2.680000066757202,2.9266700744628906,0.12666699290275574,TRADUCCION DE PATENTE EUROPEA,[B@2ca60593
TextLineBlockCommon,0,2.5,2.9466700553894043,1.8700000047683716,0.17000000178813934,@ Numero de solicitud europeaz,[B@47b80ccb
TextLineBlockCommon,0,4.526669979095459,2.990000009536743,0.7200000286102295,0.1033329963684082,96945579.9,[B@4500836
TextLineBlockCommon,0,2.5,3.1233301162719727,1.4866700172424316,0.1766670048236847,® Fecha de presentaciénz,[B@224b1370
TextLineBlockCommon,0,4.146669864654541,3.1700000762939453,0.6866670250892639,0.1033329963684082,05.12.1996,[B@6ee92fa6
TextLineBlockCommon,0,2.5,3.3033299446105957,2.3933300971984863,0.1766670048236847,@ Numero de publicacién de Ia solicitud:,[B@f37742d
TextLineBlockCommon,0,5.043330192565918,3.3499999046325684,0.6233329772949219,0.1033329963684082,0 986 788,[B@1ac3e29
TextLineBlockCommon,0,2.5,3.483330011367798,2.2699999809265137,0.1766670048236847,® Fecha de publicacién de Ia solicitud:,[B@5324f69a
TextLineBlockCommon,0,4.923329830169678,3.5299999713897705,0.6866670250892639,0.1033329963684082,22.03.2000,[B@1fba231b
TextLineBlockCommon,0,1.033329963684082,4.596670150756836,6.356669902801514,0.17333300411701202,@ Tftuloz Mecanismo servidor de red para tratar llamadas de funcion para consultas de datos dina,[B@7556d1e2
TextLineBlockCommon,0,1.6966700553894043,4.773330211639404,1.6133300065994263,0.12666699290275574,micas en una pagina web.,[B@16ed889d
TextLineBlockCommon,0,1.033329963684082,5.440000057220459,0.7533329725265503,0.1599999964237213,@ Prioridadz,[B@44a4072d
TextLineBlockCommon,0,1.8700000047683716,5.486670017242432,1.4333300590515137,0.1033329963684082,31.05.1996 US 657834,[B@6cd33e8f
TextLineBlockCommon,0,4.313330173492432,5.429999828338623,0.800000011920929,0.18666699528694153,@TituIar/es:,[B@20b0561a
TextLineBlockCommon,0,4.510000228881836,5.630000114440918,2.8133299350738525,0.12666699290275574,International Business Machines Corporation,[B@18e4d5ba
TextLineBlockCommon,0,4.503330230712891,5.753330230712891,1.1399999856948853,0.1033329963684082,Old Orchard Road,[B@578bb31a
TextLineBlockCommon,0,4.506669998168945,5.880000114440918,1.590000033378601,0.11333300173282623,"Armonk, N.Y. 10504, US",[B@149b9cdd
TextLineBlockCommon,0,1.0366699695587158,6.516670227050781,3.0033299922943115,0.1766660064458847,@ Fecha de Ia publicacién de Ia mencién BOPI:,[B@74577bbc
TextLineBlockCommon,0,4.190000057220459,6.496669769287109,1.0,0.20999999344348907,l @Invent0r/es:,[B@1b7caf50
TextLineBlockCommon,0,5.276669979095459,6.563330173492432,1.563330054283142,0.12999999523162842,"Stewart, Gordon Gregory",[B@16d9bb49
TextLineBlockCommon,0,1.223330020904541,6.693329811096191,0.6833329796791077,0.1033329963684082,16.01.2002,[B@3096c157
TextLineBlockCommon,0,1.0366699695587158,7.596670150756836,2.9966700077056885,0.1766670048236847,@ Fecha de la publicacion del folleto de patente:,[B@796f4fac
TextLineBlockCommon,0,4.190000057220459,7.576670169830322,0.7533329725265503,0.2066659927368164,l Agente:,[B@7ad7e37c
TextLineBlockCommon,0,5.036670207977295,7.646669864654541,0.2633329927921295,0.09999989718198776,Diez,[B@739820e5
TextLineBlockCommon,0,5.363329887390137,7.646669864654541,1.9466700553894043,0.11333400011062622,"de Rivera de Elzaburu, Alfonso",[B@897d5ad
TextLineBlockCommon,0,1.223330020904541,7.769999980926514,0.6833329796791077,0.1033329963684082,16.01.2002,[B@284d5543
TextLineBlockCommon,0,1.0533299446105957,9.993330001831055,0.3966670036315918,0.1166670024394989,Ax/iso:,[B@6d18b660
TextLineBlockCommon,0,1.6966700553894043,10.010000228881836,5.753330230712891,0.12666599452495575,"En el plazo de nueve meses a contar desde Ia fecha de publicacién en el Boletin europeo de patentes,",[B@716d9094
TextLineBlockCommon,0,1.7000000476837158,10.130000114440918,5.756669998168945,0.12999999523162842,"de Ia mencién de concesién de Ia patente europea, cualquier persona podré oponerse ante Ia Oficina",[B@502f1eb9
TextLineBlockCommon,0,1.7100000381469727,10.260000228881836,2.6433300971984863,0.12666599452495575,Europea de Patentes a Ia patente concedida.,[B@458a2ccf
TextLineBlockCommon,0,4.496669769287109,10.260000228881836,2.9700000286102295,0.12333299964666367,La 0p0sici6n deberé formularse por escrito y estar,[B@7283edb3
TextLineBlockCommon,0,1.7066700458526611,10.386699676513672,0.5433329939842224,0.11333400011062622,motivada;,[B@336abd81
TextLineBlockCommon,0,2.3233299255371094,10.383299827575684,2.5633299350738525,0.10000000149011612,s6I0 se considerara como formulada una vez,[B@24bf7a86
TextLineBlockCommon,0,4.949999809265137,10.383299827575684,2.516669988632202,0.12666699290275574,que se haya realizado el pago de la tasa de,[B@17050643
TextLineBlockCommon,0,1.7000000476837158,10.5,4.239999771118164,0.14000000059604645,oposicion (art. 99.1 del Convenio sobre concesién de Patentes Europeas).,[B@4ade2483
TextLineBlockCommon,0,1.7000000476837158,10.786700248718262,0.9733330011367798,0.05666640028357506,Vanta de fascfculosz,[B@3e2f3adb
TextLineBlockCommon,0,2.7466700077056885,10.776700019836426,3.5466699600219727,0.08333300054073334,"Oiicina Espafnola de Patentes y I\/Iarcas. C/Panamé, 1 — 28036 1\/Iadrid",[B@ec11fc2
