TextLineBlockCommon,0,1.7866699695587158,0.8666669726371765,2.343329906463623,0.15000000596046448,§ CONFEDERAZIONE SVIZZERA,[B@35117021
TextLineBlockCommon,0,2.086669921875,1.0800000429153442,3.033329963684082,0.09999989718198776,ISTITUTO FEDERALE DELLA PROPRIETA INTELLETFUALE,[B@bd8a1bf
TextLineBlockCommon,0,5.63332986831665,1.176669955253601,0.7266669869422913,0.18000000715255737,@ Int. CLS:,[B@3b6308ac
TextLineBlockCommon,0,6.586669921875,1.2100000381469727,0.41999998688697815,0.10999999940395355,B 08 B,[B@62ce72a9
TextLineBlockCommon,0,7.306670188903809,1.2066700458526611,0.41999998688697815,0.10999999940395355,005/02,[B@5fc9e7ec
TextLineBlockCommon,0,6.586669921875,1.350000023841858,0.41999998688697815,0.10666699707508087,B 07 B,[B@40996815
TextLineBlockCommon,0,7.306670188903809,1.3466700315475464,0.41999998688697815,0.10999999940395355,009/00,[B@17805bd5
TextLineBlockCommon,0,6.586669921875,1.4900000095367432,0.4099999964237213,0.10666699707508087,E 02 B,[B@6c0d0900
TextLineBlockCommon,0,7.306670188903809,1.4900000095367432,0.41666701436042786,0.10666699707508087,OOBIOZ,[B@4bca166b
TextLineBlockCommon,0,1.340000033378601,1.5366699695587158,4.166669845581055,0.13666699826717377,Brevetto d'invenz|0ne rllasclato per Ia Svlzzera ed II Liechtenstein,[B@4085f1ac
TextLineBlockCommon,0,1.3333300352096558,1.7066700458526611,3.6700000762939453,0.09999989718198776,"Trattato sui brevem, del 22 dicembre 1978, fra Ia Svizzera ed il Liechtenstein",[B@19bd744c
TextLineBlockCommon,0,1.0933300256729126,2.0666699409484863,3.586669921875,0.21666699647903442,@ FASCICOLO DEL BREVETTO As,[B@651e36c7
TextLineBlockCommon,0,1.3166699409484863,2.906670093536377,1.2400000095367432,0.09333319962024689,Numero della domandaz,[B@229e76ae
TextLineBlockCommon,0,2.7300000190734863,2.903330087661743,0.4866670072078705,0.09333319962024689,01375/95,[B@5181ab43
TextLineBlockCommon,0,1.3200000524520874,4.033329963684082,0.8666669726371765,0.11333300173282623,Data di deposito;,[B@1812e583
TextLineBlockCommon,0,2.740000009536743,4.033329963684082,0.5699999928474426,0.08666659891605377,12.05.1995,[B@9a07ce
TextLineBlockCommon,0,1.309999942779541,5.146669864654541,1.0399999618530273,0.09333319962024689,Brevelio rilascialo il:,[B@7665b1
TextLineBlockCommon,0,2.740000009536743,5.150000095367432,0.5699999928474426,0.08999969810247421,14.05.1999,[B@5d0e47b3
TextLineBlockCommon,0,1.3066699504852295,6.269999980926514,0.6766669750213623,0.08666659891605377,Fascicclo del,[B@5485687f
TextLineBlockCommon,0,1.2999999523162842,6.393330097198486,1.1033300161361694,0.10999999940395355,brevetto pubblicato il:,[B@28f9533
TextLineBlockCommon,0,2.733330011367798,6.393330097198486,0.5699999928474426,0.08999969810247421,14.05.1999,[B@208c4895
TextLineBlockCommon,0,4.833330154418945,2.963330030441284,0.7900000214576721,0.09333319962024689,Titolare/'Utolariz,[B@59f13ee4
TextLineBlockCommon,0,4.833330154418945,3.119999885559082,2.293329954147339,0.1033329963684082,"Azienda Elettrica Ticinese, Viale Officina 10,",[B@6d5818dd
TextLineBlockCommon,0,4.833330154418945,3.2466700077056885,1.1100000143051147,0.11333300173282623,6501 Bellinzona (CH),[B@32c88d40
TextLineBlockCommon,0,4.833330154418945,4.606669902801514,0.9900000095367432,0.08666659891605377,lnvenlore/Inventoriz,[B@cb17ecc
TextLineBlockCommon,0,4.829999923706055,4.760000228881836,1.6966700553894043,0.11333300173282623,"Beltrami. Giancarlo, Biasca (CH)",[B@58fb8996
TextLineBlockCommon,0,4.826670169830322,6.11667013168335,0.6000000238418579,0.08666659891605377,Mandataricz,[B@6a06047d
TextLineBlockCommon,0,4.826670169830322,6.269999980926514,2.4866700172424316,0.1166670024394989,"Fiammenghi—Fiammenghi. Via San Gottardo 15,",[B@3110e0ec
TextLineBlockCommon,0,4.826670169830322,6.393330097198486,0.9566659927368164,0.1166670024394989,5900 Lugano (CH),[B@4b1ebf1e
TextLineBlockCommon,0,1.3066699504852295,6.949999809265137,6.38332986831665,0.13666699826717377,Procedimento per la rlmozlone di detriti da una griglia di filtraggio ed apparecchiatura per realizzarlo.,[B@4f957119
TextLineBlockCommon,0,1.3166699409484863,7.429999828338623,2.859999895095825,0.10666699707508087,Un procedimento per eseguire la pulizia di una griglia,[B@5c344920
TextLineBlockCommon,0,6.496669769287109,7.523330211639404,0.4566670060157776,0.06999970227479935,S5,[B@6cad032a
TextLineBlockCommon,0,1.313330054283142,7.543330192565918,2.8633298873901367,0.11333300173282623,"di filtraggio (6) di impianti idroelettrici, idrici, 0 similari",[B@52aaf223
TextLineBlockCommon,0,5.863329887390137,7.53000020980835,1.0199999809265137,0.18333299458026886,"L E,/",[B@54ff023b
TextLineBlockCommon,0,1.0566699504852295,7.666669845581055,3.119999885559082,0.10999999940395355,consiste nel rilevare i valori della pressione idrica a monte,[B@31eb9b15
TextLineBlockCommon,0,1.0566699504852295,7.789999961853027,3.1166698932647705,0.11333300173282623,"ed a valle della griglia (6) e nell'azi0nare, quando tall valo",[B@6312994d
TextLineBlockCommon,0,6.043330192565918,7.829999923706055,0.8299999833106995,0.09000000357627869,"L_ _; g ,5",[B@5a0ec10b
TextLineBlockCommon,0,1.0566699504852295,7.913330078125,3.119999885559082,0.10999999940395355,"ri differiscono in misura prefissata, un impianto (1) che in",[B@7ea3e75d
TextLineBlockCommon,0,1.0566699504852295,8.036669731140137,3.119999885559082,0.11333300173282623,suffla aria compressa attraverso Ia griglia (6) verticalmente,[B@3aaacb9f
TextLineBlockCommon,0,1.0566699504852295,8.15999984741211,1.9600000381469727,0.11000099778175354,da valle verse monte di quesfultima.,[B@231e51d0
TextLineBlockCommon,0,6.493330001831055,8.1899995803833,0.37666699290275574,0.12333299964666367,4a ,[B@1b8d40b3
TextLineBlockCommon,0,5.603330135345459,8.366669654846191,1.100000023841858,0.20333300530910492,» M at *8,[B@5692b5e6
TextLineBlockCommon,0,5.573329925537109,8.683329582214355,0.5799999833106995,0.03666689991950989,. ¤,[B@39e43b71
TextLineBlockCommon,0,5.523330211639404,8.770000457763672,0.08333300054073334,0.2233320027589798,ig;,[B@36fa9568
TextLineBlockCommon,0,5.666669845581055,8.766670227050781,0.046666599810123444,0.1900009959936142,if,[B@7d66fb0a
TextLineBlockCommon,0,5.923329830169678,8.813329696655273,0.09666679799556732,0.12333299964666367,·.,[B@73eb8dd7
TextLineBlockCommon,0,6.139999866485596,8.760000228881836,0.03999999910593033,0.11999999731779099,*‘,[B@6dad59b5
TextLineBlockCommon,0,6.353330135345459,8.75,0.36000001430511475,0.23000000417232513,{Z8,[B@fdcb254
TextLineBlockCommon,0,4.829999923706055,8.986669540405273,0.34666699171066284,0.10000000149011612,L77,[B@623fb0ee
TextLineBlockCommon,0,5.523330211639404,8.936670303344727,0.18666599690914154,0.16333399713039398,l I *1,[B@43790ba6
TextLineBlockCommon,0,5.903329849243164,8.976670265197754,0.43666699528694153,0.12333399802446365,` *1 M,[B@3febe1e5
TextLineBlockCommon,0,4.630000114440918,9.126669883728027,0.5033329725265503,0.1599999964237213,ji},[B@173ba22c
TextLineBlockCommon,0,5.553329944610596,9.116669654846191,0.23999999463558197,0.17000000178813934,ML,[B@4c14029e
TextLineBlockCommon,0,2.8866701126098633,10.883299827575684,1.5666699409484863,0.25666698813438416,llllllllllllllllllllllllllllllllllllllllllllllllllll,[B@35b7fa17
TextLineBlockCommon,0,4.646669864654541,10.906700134277344,1.4066699743270874,0.15666699409484863,CH 669 466 A5,[B@4184178e
